{
  "abandon-delimeter":"Trennzeichenn aufgeben",
  "abbreviation":"Kürzel:",
  "adapt-to-case-of-abbreviation":"Groß\/Klein an Kürzel anpassen",
  "add-days":"Fügen Sie Tag(en)",
  "add-hours":"Fügen Sie Stunde(n)",
  "add-minutes":"Hinzufügen von Minute(n)",
  "add-months":"Fügen Sie Monat(en)",
  "add-seconds":"Fügen Sie Second(s)",
  "add-years":"Fügen Sie Jahr(e)",
  "am-pm":"AM\/PM",
  "AppleScript":"AppleScript",
  "area-name":"Name:",
  "bulleted-list":"Bulleted List",
  "Cancel":"Abbrechen",
  "case-sensitive-ab-ab-ab-differ":"Groß-\/Kleinschreibung beachten (aB, Ab nicht identisch)",
  "Clipboard":"Zwischenablage",
  "content":"Inhalt:",
  "contents":"Inhalt:",
  "day-01":"Tag: 01",
  "day-1":"Tag: 1",
  "day-mo":"Tag: Mo",
  "day-monday":"Tag: Montag",
  "default-contents":"Standardinhalt:",
  "default-value":"Standardwert:",
  "Delete":"Löschen",
  "enter-url":"Geben Sie URL",
  "Enter":"Entertaste",
  "Esc":"ESC",
  "field-name":"Name:",
  "fill-in-multi-line":"Mehrzeilige",
  "fill-in-optional-selection":"Optionale Auswahl",
  "fill-in-popup-menu":"Popup-Menü",
  "fill-in-single-line":"Einzelne Zeile",
  "Fill-ins":"Ergänzungen",
  "formatted-text-html":"Formatierter Text, Bilder",
  "height":"Höhe:",
  "hour-01-00-23":"Stunde: 01 (00-23)",
  "hour-01-01-12":"Stunde: 01 (01-12)",
  "hour-1-0-23":"Stunden: 1 (0-23)",
  "hour-1-1-12":"Stunden: 1 (1-12)",
  "ignore-case-ab-ab-ab-same":"Groß-\/Kleinschreibung nicht beachten (aB, Ab, ab, identisch)",
  "include-by-default":"Standardmäßig einschließen",
  "insert-link":"Link einfügen",
  "insert-snippet":"Textbaustein einfügen",
  "JavaScript":"JavaScript",
  "keep-delimeter":"Halten Trennzeichenn",
  "Key":"Schlüssel",
  "label":"Herausgeber:",
  "minute-01":"Minute: 01",
  "minute-1":"Minute: 1",
  "month-01":"Monat: 01",
  "month-1":"Monat: 1",
  "month-jan":"Monat: Jan",
  "month-january":"Monat: Januar",
  "multi-line-field":"Mehrzeilige",
  "name":"Name:",
  "non-breaking-space":"Non-breaking Space",
  "numbered-list":"Numbered List",
  "OK":"OK",
  "optional-part-name":"Name:",
  "optional-section":"Optionaler Abschnitt",
  "plain-text":"Reiner Text",
  "popup-menu":"Popup-Menü",
  "popup-name":"Name:",
  "position-cursor-here":"Position Maus hier",
  "Return":"Rückkehr",
  "second-01":"Zweite: 01",
  "second-1":"Zweite: 1",
  "shell-script":"Shell-Skript",
  "show-at-top":"Oben zeigen",
  "single-line-field":"Einzelne Zeile",
  "subtract-days":"Subtrahieren Sie Tag(en)",
  "subtract-hours":"Subtrahieren Sie Stunde(n)",
  "subtract-minutes":"Subtrahieren Sie Minute(n)",
  "subtract-months":"Subtrahieren Sie Monat(en)",
  "subtract-seconds":"Subtrahieren Sie Second(s)",
  "subtract-years":"Subtrahieren Sie Jahr(e)",
  "Tab":"Registerkarte",
  "width":"Breite:",
  "year-01":"Jahr: 01",
  "year-2001":"Jahr: 2001"
}