{
  "abandon-delimeter":"Убрать ограничитель",
  "abbreviation":"Сокращение:",
  "adapt-to-case-of-abbreviation":"Адаптировать под конкретный случай",
  "add-days":"Добавить дни",
  "add-hours":"Добавить часы",
  "add-minutes":"Добавить минуты",
  "add-months":"Добавить месяцы",
  "add-seconds":"Добавить секунды",
  "add-years":"Добавить годы",
  "am-pm":"AM\/PM",
  "AppleScript":"AppleScript",
  "area-name":"Название:",
  "bulleted-list":"Bulleted List",
  "Cancel":"Отмена",
  "case-sensitive-ab-ab-ab-differ":"Учитывать регистр (аБ, Аб,аб отличны)",
  "Clipboard":"Буфер обмена",
  "content":"Содержание:",
  "contents":"Содержание:",
  "day-01":"День: 01",
  "day-1":"День: 1",
  "day-mo":"День: Пн",
  "day-monday":"День: Понедельник",
  "default-contents":"Содержание по умолчанию:",
  "default-value":"Значение по умолчанию:",
  "Delete":"Удалить",
  "enter-url":"Введите URL-адрес",
  "Enter":"Ввести",
  "Esc":"Esc",
  "field-name":"Название:",
  "fill-in-multi-line":"Многострочное поле",
  "fill-in-optional-selection":"Опциональный контент",
  "fill-in-popup-menu":"Всплывающее меню",
  "fill-in-single-line":"Однострочное поле",
  "Fill-ins":"Поля для заполнения",
  "formatted-text-html":"Формат. текст, изображения",
  "height":"Высота:",
  "hour-01-00-23":"Час: 01 (00-23)",
  "hour-01-01-12":"Час: 01 (01-12)",
  "hour-1-0-23":"Час: 1 (0-23)",
  "hour-1-1-12":"Час: 1 (1-12)",
  "ignore-case-ab-ab-ab-same":"Игнорировать регистр (аБ, Аб, аб одинаковы)",
  "include-by-default":"Включить по умолчанию",
  "insert-link":"Вставить ссылку",
  "insert-snippet":"Вставить фрагмент",
  "JavaScript":"JavaScript",
  "keep-delimeter":"Оставить ограничитель",
  "Key":"Клавиша",
  "label":"Метка:",
  "minute-01":"Минуты: 01",
  "minute-1":"Минуты: 1",
  "month-01":"Месяц: 01",
  "month-1":"Месяц: 1",
  "month-jan":"Месяц: Янв",
  "month-january":"Месяц: Январь",
  "multi-line-field":"Многострочное поле",
  "name":"Название:",
  "non-breaking-space":"Non-breaking Space",
  "numbered-list":"Numbered List",
  "OK":"OK",
  "optional-part-name":"Название:",
  "optional-section":"Опциональный контент",
  "plain-text":"Простой текст",
  "popup-menu":"Всплывающее меню",
  "popup-name":"Название:",
  "position-cursor-here":"Поставить курсор здесь",
  "Return":"Enter",
  "second-01":"Секунды: 01",
  "second-1":"Секунды: 1",
  "shell-script":"Shell-скрипт",
  "show-at-top":"Показывать сверху",
  "single-line-field":"Однострочное поле ",
  "subtract-days":"Вычесть дни",
  "subtract-hours":"Вычесть часы",
  "subtract-minutes":"Вычесть минуты",
  "subtract-months":"Вычесть месяцы",
  "subtract-seconds":"Вычесть секунды",
  "subtract-years":"Вычесть годы",
  "Tab":"Tab",
  "width":"Ширина:",
  "year-01":"Год: 01",
  "year-2001":"Год: 2001"
}