{
  "abandon-delimeter":"Abandonar Delimitador",
  "abbreviation":"Abreviación:",
  "adapt-to-case-of-abbreviation":"Adaptar a Tipo de Abreviación",
  "add-days":"Agregar Día(s)",
  "add-hours":"Agregar Hora(s)",
  "add-minutes":"Agregar Minuto(s)",
  "add-months":"Agregar Mes(es)",
  "add-seconds":"Agregar Segundo(s)",
  "add-years":"Agregar Año(s)",
  "am-pm":"a.m.\/p.m.",
  "AppleScript":"AppleScript",
  "area-name":"Nombre:",
  "Cancel":"Cancelar",
  "case-sensitive-ab-ab-ab-differ":"Sensible a Mayúscula (aB, Ab, ab diferentes)",
  "Clipboard":"Portapapeles",
  "content":"Conten.:",
  "day-01":"Día: 01",
  "day-1":"Día: 1",
  "day-mo":"Día: Lu",
  "day-monday":"Día: Lunes",
  "default-contents":"Contenidos por defecto:",
  "default-value":"Valor predeterminado:",
  "Delete":"Eliminar",
  "enter-url":"Ingresar URL",
  "Enter":"Intro",
  "Esc":"Esc",
  "field-name":"Nombre:",
  "fill-in-multi-line":"Multi-line field",
  "fill-in-optional-selection":"Optional section",
  "fill-in-popup-menu":"Popup menu",
  "fill-in-single-line":"Single-line field",
  "Fill-ins":"Llenar",
  "formatted-text-html":"Texto Formateado, Imágenes",
  "height":"Altura:",
  "hour-01-00-23":"Hora: 01 (00-23)",
  "hour-01-01-12":"Hora: 01 (01-12)",
  "hour-1-0-23":"Hora: 1 (0-23)",
  "hour-1-1-12":"Hora: 1 (1-12)",
  "ignore-case-ab-ab-ab-same":"Ignorar Mayúscula (aB, Ab, ab iguales)",
  "insert-link":"Insertar Enlace",
  "insert-snippet":"Insertar Fragmento de código",
  "JavaScript":"JavaScript",
  "keep-delimeter":"Conservar Delimitador",
  "Key":"Tecla",
  "label":"Etiq.",
  "minute-01":"Minuto: 01",
  "minute-1":"Minuto: 1",
  "month-01":"Mes: 01",
  "month-1":"Mes: 1",
  "month-jan":"Mes: Ene",
  "month-january":"Mes: Enero",
  "multi-line-field":"Multi-line field",
  "OK":"Ok",
  "optional-part-name":"Nombre:",
  "optional-section":"Optional section",
  "plain-text":"Texto normal",
  "popup-menu":"Popup menu",
  "popup-name":"Nombre:",
  "position-cursor-here":"Colocar Cursor Aquí",
  "Return":"Retorno",
  "second-01":"Segundo: 01",
  "second-1":"Segundo: 1",
  "shell-script":"Script de shell",
  "show-at-top":"Mostrar en la parte superior",
  "single-line-field":"Single-line field ",
  "subtract-days":"Sustraer Día(s)",
  "subtract-hours":"Sustraer Hora(s)",
  "subtract-minutes":"Sustraer Minuto(s)",
  "subtract-months":"Sustraer Mes(s)",
  "subtract-seconds":"Sustraer Segundo(s)",
  "subtract-years":"Sustraer Año(s)",
  "Tab":"Tab",
  "width":"Anchura:",
  "year-01":"Año: 01",
  "year-2001":"Año: 2001"
}