{
  "abandon-delimeter":"Abbandona delimiter",
  "abbreviation":"Abbrev.:",
  "adapt-to-case-of-abbreviation":"Adatta al maiuscolo dell'abbreviazione",
  "add-days":"Aggiungi Giorno\/i",
  "add-hours":"Aggiungi Ora\/e",
  "add-minutes":"Aggiungi Secondo\/i",
  "add-months":"Aggiungi Mese\/i",
  "add-seconds":"Aggiungi Secondo\/i",
  "add-years":"Aggiungi Anno\/i",
  "am-pm":"AM\/PM",
  "AppleScript":"AppleScript",
  "area-name":"Nome:",
  "Cancel":"Annulla",
  "case-sensitive-ab-ab-ab-differ":"Sensibile al Maiuscolo (aB, Ab differiscono)",
  "Clipboard":"Appunti",
  "content":"Contenuti:",
  "day-01":"Giorno: 01",
  "day-1":"Giorno: 1",
  "day-mo":"Giorno: Lu",
  "day-monday":"Giorno: Lunedi",
  "default-contents":"Contenuti predefiniti:",
  "default-value":"Valore default:",
  "Delete":"Elimina",
  "enter-url":"Inserisci URL",
  "Enter":"Invio",
  "Esc":"Esc",
  "field-name":"Nome",
  "fill-in-multi-line":"Campo a righe multiple",
  "fill-in-optional-selection":"Sezione opzionale",
  "fill-in-popup-menu":"Menu Popup",
  "fill-in-single-line":"Campo a riga singola",
  "Fill-ins":"Compilazioni",
  "formatted-text-html":"Testo Formattato, Immagini",
  "height":"Altezza:",
  "hour-01-00-23":"Ora: 01 (00-23)",
  "hour-01-01-12":"Ora: 01 (01-12)",
  "hour-1-0-23":"Ora: 1 (0-23)",
  "hour-1-1-12":"Ora: 1 (1-12)",
  "ignore-case-ab-ab-ab-same":"Ignora il Maiuscolo (aB, Ab, ab, AB uguali)",
  "insert-link":"Inserisci Link",
  "insert-snippet":"Inserisci Snippet",
  "JavaScript":"JavaScript",
  "keep-delimeter":"Conserva delimiter",
  "Key":"Tasto",
  "label":"Etich.:",
  "minute-01":"Minuto: 01",
  "minute-1":"Minuto: 1",
  "month-01":"Mese: 01",
  "month-1":"Mese: 1",
  "month-jan":"Mese: Gen",
  "month-january":"Mese: Gennaio",
  "multi-line-field":"Campo a righe multiple",
  "OK":"Ok",
  "optional-part-name":"Nome:",
  "optional-section":"Sezione opzionale",
  "plain-text":"Solo testo",
  "popup-menu":"Menu Popup",
  "popup-name":"Nome:",
  "position-cursor-here":"Colloca cursore qui",
  "Return":"Enter",
  "second-01":"Secondo: 01",
  "second-1":"Secondo: 1",
  "shell-script":"script shell",
  "show-at-top":"Mostra Alto",
  "single-line-field":"Campo a riga singola",
  "subtract-days":"Sottrai Giorno\/i",
  "subtract-hours":"Sottrai Ora\/e",
  "subtract-minutes":"Sottrai Secondo\/i",
  "subtract-months":"Sottrai Mese\/i",
  "subtract-seconds":"Sottrai Secondo\/i",
  "subtract-years":"Sottrai Anno\/i",
  "Tab":"Tab",
  "width":"Larghezza:",
  "year-01":"Anno: 01",
  "year-2001":"Anno: 2001"
}