{"abandon-delimeter":"Abandon Delimeter",
"abbreviation":"Abbreviation:",
"adapt-to-case-of-abbreviation":"Adapt to Case of Abbreviation",
"add-days":"Add Day(s)",
"add-hours":"Add Hour(s)",
"add-minutes":"Add Minute(s)",
"add-months":"Add Month(s)",
"add-seconds":"Add Second(s)",
"add-years":"Add Year(s)",
"am-pm":"AM\/PM",
"AppleScript":"AppleScript",
"area-name":"Area Name:",
"Cancel":"Cancel",
"case-sensitive-ab-ab-ab-differ":"Case Sensitive (aB, Ab, ab differ)",
"Clipboard":"Clipboard",
"content":"Content:",
"day-01":"Day: 01",
"day-1":"Day: 1",
"day-mo":"Day: Mo",
"day-monday":"Day: Monday",
"default-contents":"Default contents:",
"default-value":"Default Value:",
"Delete":"Delete",
"enter-url":"Enter URL",
"Enter":"Enter",
"Esc":"Esc",
"field-name":"Field Name:",
"fill-in-multi-line":"Fill-in: Multi-line",
"fill-in-optional-selection":"Fill-in: Optional Selection",
"fill-in-popup-menu":"Fill-in: Popup Menu",
"fill-in-single-line":"Fill-in: Single-line",
"Fill-ins":"Fill-ins",
"formatted-text-html":"Formatted Text (html)",
"height":"Height:",
"hour-01-00-23":"Hour: 01 (00-23)",
"hour-01-01-12":"Hour: 01 (01-12)",
"hour-1-0-23":"Hour: 1 (0-23)",
"hour-1-1-12":"Hour: 1 (1-12)",
"ignore-case-ab-ab-ab-same":"Ignore Case (aB, Ab, ab same)",
"insert-link":"Insert Link",
"insert-snippet":"Insert Snippet",
"JavaScript":"JavaScript",
"keep-delimeter":"Keep Delimeter",
"Key":"Key",
"label":"Label:",
"minute-01":"Minute: 01",
"minute-1":"Minute: 1",
"month-01":"Month: 01",
"month-1":"Month: 1",
"month-jan":"Month: Jan",
"month-january":"Month: January",
"multi-line-field":"Multi Line Field",
"OK":"OK",
"optional-part-name":"Optional Part Name:",
"optional-section":"Optional Section",
"plain-text":"Plain Text",
"popup-menu":"Popup Menu",
"popup-name":"Popup Name:",
"position-cursor-here":"Position Cursor Here",
"Return":"Return",
"second-01":"Second: 01",
"second-1":"Second: 1",
"shell-script":"Shell Script",
"show-at-top":"Show at top",
"single-line-field":"Single Line Field",
"subtract-days":"Subtract Day(s)",
"subtract-hours":"Subtract Hour(s)",
"subtract-minutes":"Subtract Minute(s)",
"subtract-months":"Subtract Month(s)",
"subtract-seconds":"Subtract Second(s)",
"subtract-years":"Subtract Year(s)",
"Tab":"Tab",
"width":"Width:",
"year-01":"Year: 01",
"year-2001":"Year: 2001"}
