{
  "abandon-delimeter":"区切り記号を放棄",
  "abbreviation":"キーワード: ",
  "adapt-to-case-of-abbreviation":"キーワードの大文字と小文字と区別",
  "add-days":"曜日を追加",
  "add-hours":"時間を追加",
  "add-minutes":"分を追加",
  "add-months":"月を追加",
  "add-seconds":"秒を追加",
  "add-years":"年を追加",
  "am-pm":"午前\/午後",
  "AppleScript":"アップルスクリプト",
  "area-name":"名前:",
  "Cancel":"キャンセル",
  "case-sensitive-ab-ab-ab-differ":"大文字と小文字を区別（aB, Ab, AB は違う）",
  "Clipboard":"クリップボード",
  "content":"コンテンツ:",
  "day-01":"日: 01",
  "day-1":"日: 1",
  "day-mo":"日: 月",
  "day-monday":"日: 月曜日",
  "default-contents":"既定の内容:",
  "default-value":"デフォルト値:",
  "Delete":"削除",
  "enter-url":"URL を入力",
  "Enter":"Enter",
  "Esc":"Esc",
  "field-name":"名前:",
  "fill-in-multi-line":"Multi-line field",
  "fill-in-optional-selection":"Optional Selection",
  "fill-in-popup-menu":"ポップアップ メニュー",
  "fill-in-single-line":"Single-line field",
  "Fill-ins":"フィルイン",
  "formatted-text-html":"スタイル付きテキスト＆ピクチャー",
  "height":"高さ:",
  "hour-01-00-23":"時間: 01 (00-23)",
  "hour-01-01-12":"時間: 01 (01-12)",
  "hour-1-0-23":"時間: 1 (0-23)",
  "hour-1-1-12":"時間: 1 (1-12)",
  "ignore-case-ab-ab-ab-same":"大文字と小文字を区別しない（aB, Ab, AB は同じ）",
  "insert-link":"リンクを挿入",
  "insert-snippet":"スニペットを挿入",
  "JavaScript":"JavaScript",
  "keep-delimeter":"区切り記号を維持",
  "Key":"キー",
  "label":"ラベル:",
  "minute-01":"分: 01",
  "minute-1":"分: 1",
  "month-01":"月: 01",
  "month-1":"月: 1",
  "month-jan":"月: Jan",
  "month-january":"月: January",
  "multi-line-field":"Multi-line field",
  "OK":"OK",
  "optional-part-name":"名前:",
  "optional-section":"Optional Selection",
  "plain-text":"プレインテキスト",
  "popup-menu":"ポップアップ メニュー",
  "popup-name":"名前:",
  "position-cursor-here":"カーソルをここに移動",
  "Return":"戻り値",
  "second-01":"秒: 01",
  "second-1":"秒: 1",
  "shell-script":"Shell Script",
  "show-at-top":"上部を表示",
  "single-line-field":"Single-line field ",
  "subtract-days":"日を引く",
  "subtract-hours":"時間を引く",
  "subtract-minutes":"分を引く",
  "subtract-months":"月を引く",
  "subtract-seconds":"秒を引く\n",
  "subtract-years":"年を引く",
  "Tab":"タブ",
  "width":"幅:",
  "year-01":"年: 01",
  "year-2001":"年: 2001"
}