{
  "abandon-delimeter":"Abandonner le délimiteur",
  "abbreviation":"Abréviation :",
  "adapt-to-case-of-abbreviation":"Adapter à la casse de l'abréviation",
  "add-days":"Ajouter un\/des jour(s)",
  "add-hours":"Ajouter une\/des heure(s)",
  "add-minutes":"Ajouter une\/des minute(s)",
  "add-months":"Ajouter un\/des mois(s)",
  "add-seconds":"Ajouter une\/des seconde(s)",
  "add-years":"Ajouter une\/des année(s)",
  "am-pm":"Matin \/ Après-midi",
  "AppleScript":"AppleScript",
  "area-name":"Nom :",
  "Cancel":"Annuler",
  "case-sensitive-ab-ab-ab-differ":"Respecter les maj. : (AB, Ab traités différemment)",
  "Clipboard":"Presse-papier",
  "content":"Contenu :",
  "day-01":"Jour : 01",
  "day-1":"Jour : 1",
  "day-mo":"Jour : Lu",
  "day-monday":"Day: Lundi",
  "default-contents":"Contenu par défaut :",
  "default-value":"Valeur par défaut:",
  "Delete":"Supprimer",
  "enter-url":"Entrez l'URL",
  "Enter":"Entrer",
  "Esc":"Echap",
  "field-name":"Nom :",
  "fill-in-multi-line":"Multiligne",
  "fill-in-optional-selection":"Optional section",
  "fill-in-popup-menu":"Popup menu",
  "fill-in-single-line":"Single Line Field",
  "Fill-ins":"Champs",
  "formatted-text-html":"Texte formaté, images",
  "height":"Hauteur:",
  "hour-01-00-23":"Heure : 01 (00-23)",
  "hour-01-01-12":"Heure : 01 (01-12)",
  "hour-1-0-23":"Heure : 1 (0-23)",
  "hour-1-1-12":"Heure : 1 (1-12)",
  "ignore-case-ab-ab-ab-same":"Ignorer la casse (aB, Ab, ab traités de manière identique)",
  "insert-link":"Insérer un lien",
  "insert-snippet":"Insérer un extrait",
  "JavaScript":"JavaScript",
  "keep-delimeter":"Conserver le délimiteur",
  "Key":"Clé",
  "label":"Étiquette :",
  "minute-01":"Minute : 01",
  "minute-1":"Minute : 1",
  "month-01":"Mois : 01",
  "month-1":"Mois : 1",
  "month-jan":"Mois : Jan",
  "month-january":"Mois : Janvier",
  "multi-line-field":"Multiligne",
  "OK":"OK",
  "optional-part-name":"Nom :",
  "optional-section":"Section facultative",
  "plain-text":"Texte brut",
  "popup-menu":"Popup menu",
  "popup-name":"Nom :",
  "position-cursor-here":"Placer le curseur ici",
  "Return":"Retour",
  "second-01":"Seconde : 01",
  "second-1":"Seconde : 1",
  "shell-script":"Script Shell",
  "show-at-top":"Montrer en Haut",
  "single-line-field":"Single Line Field",
  "subtract-days":"Soustraire un\/des jour(s)",
  "subtract-hours":"Soustraire une\/des heure(s)",
  "subtract-minutes":"Soustraire une\/des minute(s)",
  "subtract-months":"Soustraire un\/des mois",
  "subtract-seconds":"Soustraire une\/des seconde(s)",
  "subtract-years":"Soustraire une\/des année(s)",
  "Tab":"Tabulation",
  "width":"Largeur:",
  "year-01":"Année : 01",
  "year-2001":"Année : 2001"
}